length,curvature,grip,camber
# Autodromo Nazionale Monza - 5.793 km
# "Temple of Speed" - Italy
# Data approximated from track maps and telemetry
700.0,0.0,1.0,0.0
70.0,0.015,1.0,0.0
150.0,0.0,1.0,0.0
180.0,0.012,1.0,0.0
480.0,0.0,1.0,0.0
220.0,-0.008,1.0,0.0
350.0,0.0,1.0,0.0
80.0,0.025,1.0,0.0
60.0,-0.025,1.0,0.0
550.0,0.0,1.0,0.0
150.0,-0.01,1.0,0.0
950.0,0.0,1.0,0.0
65.0,0.04,1.0,0.0
280.0,0.0,1.0,0.0
120.0,-0.02,1.0,0.0
300.0,0.0,1.0,0.0
200.0,0.006,1.0,0.0
250.0,0.0,1.0,0.0
190.0,0.007,1.0,0.0
450.0,0.0,1.0,0.0
